publishedAt,authorDisplayName,comments_data,likeCount
2023-12-31T02:33:01Z,@endangsuhara5563,ğŸ‰,0
2023-12-31T02:33:01Z,@endangsuhara5563,ğŸ‰,0
2023-12-31T02:02:13Z,@user-nv7lf7fo8m,No.1 banyak kata ğŸ˜‚,0
2023-12-31T01:42:54Z,@joe_plethok,...tak perlu lah tapi   rekam jejak  dan capaian  ( ciriculum vitae )  sudah cukup membuktikan,0
2023-12-30T19:43:39Z,@andininuraulia967,RğŸ˜®ğŸ˜¢ tren yang banyak digunakan di,0
2023-12-30T19:00:53Z,@santoriyadiriyadi4132,Saya rakyat kecil menilai yg  muda lebih berbobot kelas internasional cara menjawabnya yg tua kaku cara bicaranya deh kayak jaman no  saya kira cuma bicara mennyudut kan gak gagasan sama sekali . Artinya tak layat yg tua untuk kelas nasional ibarat bobil tua yg butuh perawatan ngak siap langsung di pakai.,0
2023-12-30T17:03:14Z,@Aguskentus99,Wahai pemerintah.. gimana dengan masalah relawan ganjar yang di aniaya TNI Di boyolali tolong tegaskan.. cuma gara gara ikut kapanye dan di hadang lali di aniaya di depan yunif 408,0
2023-12-30T16:49:04Z,@WarungGaming-br8xi,Apa janji saya !!!,0
2023-12-30T12:31:39Z,@abethitamchannel567,"saya  hormat sama semuanya, saya tidak memilih partainya tapi saya melihat sosok Mahfud <br>,moga bisa memberikan yang terbaik buat Indonesia Pak mahfud,amin",0
2023-12-29T17:33:59Z,@gedesujayana3479,Apakah tidak terbalik kunjungan wisatanya ituğŸ˜,0
2023-12-29T14:12:21Z,@user-xc4fz6yz3t,Gibran top...mewakili anak mudağŸ˜Š,0
2023-12-29T14:11:42Z,@yuliantipermanasari5772,"Mf, nomor 1 lihat cttn/gk ya.? Mf, bnrn nanya ğŸ™ğŸ»",0
2023-12-29T12:00:13Z,@subkylatief8608,Mana nih pendukung nya pak anies dan pak muhaimin,0
2023-12-29T06:30:42Z,@igamawarni6913,"PRABOWO-GIBRAN INSYSA ALLAH 2024.. Bicara apa ada ada nya, realistis, ga pinter ngomong, ga sok religius..",0
2023-12-29T06:28:30Z,@igamawarni6913,"Yg di bahas ini tentang negara, bukan cari pemerintah buat pesantren.. kok pake kata2 slepet trs, lucuuu ğŸ˜…",0
2023-12-29T04:48:12Z,@user-wg2ok5bm2b,Sy pilih prabowo gibran,0
2023-12-29T03:52:31Z,@user-mx8vz6ef4u,"Bolelah jawaban gibran, g ngawang2...",0
2023-12-29T02:57:54Z,@user-mx8vz6ef4u,Hadehh.. hrs kali itu slepet d ulang2..,0
2023-12-29T02:56:49Z,@user-pw5hn9uc7q,PAK MAHFUD JANGAN DI SEBUT KORUPTOR!!! SEBUTAN YG PANTAS NYA MALING UANG NEGARA (Perampok uang Negara ),0
2023-12-29T02:49:07Z,@user-pw5hn9uc7q,ğŸ˜ğŸ˜ğŸ˜ğŸ˜ğŸ˜ğŸ˜ğŸ˜ğŸ˜ğŸ˜ğŸ˜ğŸ˜ğŸ˜ğŸ˜ğŸ˜ğŸ˜,0
2023-12-29T01:29:59Z,@KaharapRunting,Apa di sebar data bang,0
2023-12-28T23:29:18Z,@igedengurahwidiantara2761,Wah 5 m. Pertahun. Mkin semngat hdi kades,0
2023-12-28T22:38:56Z,@AbiDarmono,Optimis pak Ganjar Mahfud menang satu putaran,0
2023-12-28T22:11:27Z,@KiKY-tq8iy,Gibran kayak org odgj......kayak bapaknya.  Bodoh. Korupsi,0
2023-12-28T21:52:35Z,@bokierpunkrock5749,Kebanyakan infrastruktur eh sayangnya masih banyak masyarakat kita yang tidak teratur dalam banyak hal. ğŸ˜¢ğŸ˜¢ğŸ˜¢ğŸ˜¢ğŸ˜¢ kebersihan akhlak moral pendidikan kebijakan hukum pemerataan dll. Ingat wir manusia hebat berasal dari lingkungan yang spesial.  Depot purnama gak pernah buka cabang wirrr,0
2023-12-28T21:29:50Z,@fuadrizqi441,Licik,0
2023-12-28T18:22:29Z,@user-xq2du6bk9w,Hadeh ada ada aja apa ini hanya omong kosong doang manis di awal doang kaya omongan pacar aku di pertengahan dan di akhirnya mah langsung pait kaya kopi tanpa guağŸ˜‚ğŸ˜‚ğŸ˜‚,0
2023-12-28T18:17:58Z,@FaisolArrozi-qf8kx,"Slepet nya jangan terlalu banyak Pak,ntar Keslepet Sendiri lho.......",1
2023-12-28T17:56:35Z,@yaryor1309,panggah 2 perabowo gibran gemoyâ¤â¤â¤,0
2023-12-28T17:13:18Z,@aeliyahhasan8120,ğŸ˜‚ğŸ˜‚ğŸ˜‚ğŸ˜‚kelicikandi portontokan,0
2023-12-28T16:26:40Z,@sanga_studio,â¤â¤â¤â¤â¤â¤â¤â¤â¤â¤â¤â¤â¤,0
2023-12-28T12:25:06Z,@mariasanu3068,Untuk capres dan cawapres mohon utk jgn pembangunan berupa gedung sj yg di perhatikan tp fasilitas. Kalian selalu bcr SDM rendah tp nyatanya kami bekerja dgn fasilitas penunjang yg minim. Gaji kecil tp hrs sisihkan utk memfasilitasi diri sendiri utk bekerja di instansi pemerintahan negeri ini. Kita sebagai PNS mungkin mmng wajib kerja dan berkorban tp apakabar mereka yg honorer? Tolong untuk di perhatikan. Dan stop bikin aturan&quot; yg labil!  Kami bingung dengan kelabilan pemimpin&quot; negara ini ğŸ™,0
2023-12-28T03:05:40Z,@ekofirmanansori2093,All in Prabowo,0
2023-12-28T00:28:34Z,@abimanaf1829,Pak mahfud dan cak imin kok Gk nyambung yak jawaban nya,0
2023-12-27T23:49:54Z,@biasby961,"<a href=""https://www.youtube.com/watch?v=pNVtiDT8nVM&amp;t=2h18m21s"">2:18:21</a>",0
2023-12-27T16:03:01Z,@estherjo9371,Gibran keren banget cuii â¤ğŸ™,1
2023-12-27T14:12:53Z,@cutputriazina5840,"sepengetahuan saya,, pekerjaan bendungan y menjadi program pemerintah sekarang y ktnya membantu petani,, tapi kenyataanny malah mengorbankan para petani didaerah saya,, akibat proyek bendungan y gagal/belum selesai sampai berakhir masa tugasnya,, para petani didaerah saya banyak y tdk turun k sawah akibat airnya tdk ada,, benduangan dimaksd adalah waduk kertoe,,,,,",0
2023-12-27T12:56:07Z,@sebentarsaja1138,Menit 1.11 14 host laki-laki bilang apasih yang silahkan berikan apresiasi &amp; oplos blobloe,0
2023-12-27T10:21:55Z,@KEMBERJPN,Mas gibran sudah mewakili suara generasi anak mudaâ€¦ <br><br>Semoga terpilihğŸ˜‡ğŸ¤²,32
2023-12-29T02:38:53Z,@user-pw5hn9uc7q,"SETUJU !!! MEWAKILI PEMBAGIAN BELIMBING SAYUR DAN ASAM SULFAT<a href=""about:invalid#zCSafez""></a>",0
2023-12-27T09:20:48Z,@komangyoga-lr4yq,ayo kita dukung,0
2023-12-27T08:31:43Z,@nirmala2196,"Visi misi mah cuma didepan aja sebelum jadi udah biasaaaa dari dulu juga gtu,,setelah jadi yaa lupağŸ˜…sama aja sih ketiga nya,cuma ya krna kami sekeluarga secinta itu dg pak prabowo maka kami akan tetap pilih pak prabowo maw menang atau kalah lagi tetap pilihan kami pak prabowo",0
2023-12-27T06:47:34Z,@endika8520,"Sudah terlihat kan siapa yg lancar, tenang dan tak tersulut emosi selama debat?",7
2023-12-27T05:54:52Z,@ahmadtaufik2953,02â¤,1
2023-12-27T03:42:18Z,@user-og4pc2lp4k,Nmr 1 dan 3 banykan janji janji dan janji <br>Pintar ngomong krja nol,0
2023-12-26T22:20:52Z,@bilqis9723,"Kayak pak, caimin dalam menjawB kayak, menghafal teks karna setiap menjawab coba perhatikanmatanyatidak melek coba paslon lain menjawab matanya tidak melek",1
2023-12-26T22:10:02Z,@bilqis9723,"Memang aneh paslon, nomor 1 betul yang dikatakan mas gibran pak cairin tidak konsisten atas janjinya yaang dilihat masyarat indinesiabahwa calming sudah ikut memotong tumpen kok dalam debat kok melenceng jadi kami dari masyarakat kaltim tidak mendukung sedikit seperti Pak anis saja sudah gagal membangun DKI",1
2023-12-26T22:06:12Z,@bilqis9723,"Memang mas gibran sangat jitu dalam, menjawab pertanyaan yang sudah disiapkskan bpk- Bpk  KPU",3
2023-12-26T21:16:40Z,@user-yz8mt1bi6w,Pak mahfud MD mismilahhhh,0
2023-12-26T16:30:49Z,@rahmaws.7063,Coklat adalah band yang selalu menjadi langganan kalau acara begini ğŸ˜‚,6
2023-12-26T16:02:31Z,@saifulhuda4183,Slepet kepet,0
2023-12-26T14:07:34Z,@haryadibalida5754,Saya ingin semua guru guru di gajih.karna tanpa seorang guru tidak akan ada generasi emas.,3
2023-12-27T03:07:48Z,@Shining.Star21,"Guru saya di gaji + tunjangan, tapi dia tak bisa mendidik kami menjadi generasi emas. Dia jarang masuk, sering abai, sedikit penjelasan, suruh baca dari buku tanpa di terangkan, dan gaya nya sangat elit dan heboh ğŸ˜¢<br>Dan lagi, sangat terlihat pilih kasih, klo anak pejabat di datangi bangku nya, di jelaskan apa yg ga tau, sangat lembut. Tapi klo kpd yg ortunya masyarakat biasa, dia tak jelas dalam menjelaskan materi, galak, moody an. Dari nilai pun di mainkan juga sama dia, yg anak pejabat tinggi, banyak toleransi. Yg anak orang biasa nilai rendah, kalo nggak 100% sama juga ga ada toleransi ğŸ˜¢",1
2023-12-26T14:03:25Z,@Alam-mz4pg,Muhaimin lebih pas kalau d pondok pesantren sj....krn mmg di situ bidangnya....dan utk Mahfud MD....hrsnya utk kostum LBH bersifat netral...berpakaian yg netral....krn mmg calon pemimpin nasional/negara....,2
2023-12-26T13:01:52Z,@siennyindrawan7665,Dpt bahasa baru.. slepettt slepettt...ğŸ˜‚ğŸ˜‚,0
2023-12-26T12:50:04Z,@siennyindrawan7665,Kapan ya kaum menengah ke bawah bebas pajakğŸ˜¢ biar yg kaya&quot;aja yg minim py 2mobil utk ganjil genap..menuh menuhin jalanan..yg ud sempit..sesak..ditutup krn pembangunan Mrt..dllğŸ˜‚itu ajaaa yg dipajakin tinggiiğŸ˜¢ğŸ˜¢paslon yg bs janjiin itu dahh yg kupilihhğŸ˜‚,0
2023-12-26T14:43:08Z,@ekaa5223,ga mungkin bebas pajak kak. niatnya memang menengah kebawah biar pakai angkutan umum mkny pajak dinaikkan bbm dinaikkan.,0
2023-12-28T20:22:10Z,@mamasmas4438,"Janjiin mah bisa, tapi bisa nerapinnya ga??",0
2023-12-28T20:22:32Z,@mamasmas4438,Inget kata imin : namanya juga kampanye wkkkkkk,0
2023-12-26T12:16:26Z,@itz_yumi_offc,Jujur saya semakin yakin memilih prabowo dan gibran,14
2023-12-29T02:40:42Z,@user-pw5hn9uc7q,SAYA SANGAT YAKIN ...PASTI DAPAT MEMBAGIKAN BELIMBING SAYUR DAN ASAM SULFATğŸ˜œ,0
2023-12-26T10:05:39Z,@ryumiyumm,Jangan sampe kita putus cuman gara gara beda paslon ğŸ˜­,3
2023-12-26T08:31:00Z,@jihanfadillah7489,"pak mahfud kek.. apasihhhhhhh, gjlsğŸ™‚",0
2023-12-26T07:42:31Z,@PakdeOppoa57-wc1gg,ğŸ˜ŠğŸ˜Š,0
2023-12-26T05:22:06Z,@noviamahammana4647,Semoga yang terpilih menjadikan Indonesia jaya aamiin. Pilihanku tetap rahasia hanya aku dan Allah yang tahu,2
2023-12-26T05:13:00Z,@user-kc3mm6cq6r,go ganjar go,0
2023-12-26T04:52:44Z,@SADARCCTV,ganjarmahfud  maju,0
2023-12-26T03:23:41Z,@Sella.matMakan,"CUKUP PILIH CALON YANG MEMANG PANTAS, TANPA MENJATUHKAN PIHAK LAINNYA.",7
2023-12-26T01:13:42Z,@pitertappang2904,Gibran memang di hati,1
2023-12-26T00:50:59Z,@mileadhamar4624,"Dari jawabannya. Orang tua berbicara masa lalu, anak muda berbicara masa kini dan masa depan.",36
2023-12-25T23:51:26Z,@nurhayani1465,ğŸ˜ŠMo517,0
2023-12-25T22:02:46Z,@nkri1964,"Kelihatan mna yg lebih cerdas dan sgt elegan serta lancar menyampaikan visi misi, hidup anak muda Indonesia âœŒ",35
2023-12-25T21:38:48Z,@nkri1964,jika mau membodohi org bodoh bungkuslah batil/kebohongan dgn retorika dan tampilan agamais ...,0
2023-12-25T20:14:42Z,@simbol1112,222222222222222 ALL IN 222222222222222 1000%<br>222222222222222 FREEFIRE JUMSOT,0
2023-12-25T20:12:24Z,@moh.wildanummukholid3913,"<a href=""https://www.youtube.com/watch?v=pNVtiDT8nVM&amp;t=2h18m21s"">2:18:21</a> kok ada suara malaikat yang aneh yaaa ğŸ¤Œ",1
2023-12-25T19:12:17Z,@rivaldikurnawan9454,No 3 gaskeunn,0
2023-12-25T19:11:17Z,@rivaldikurnawan9454,gak seru abis debat gak berantem beda kaya cades dan Cakades abis debat lempar lemparan bangku biar ke Inget masa masa SMA,0
2023-12-25T19:09:02Z,@hendragunawan4680,"<a href=""https://www.youtube.com/watch?v=pNVtiDT8nVM&amp;t=2h18m21s"">2:18:21</a> ada suara aneh...",0
2023-12-25T18:06:54Z,@AhmadImron-fk7pu,Nih boss pejuang prabowo gibran,1
2023-12-25T18:06:23Z,@AhmadImron-fk7pu,Saya orang madura tak memilih mahfud md,0
2023-12-25T17:54:52Z,@sheerein8946,Yg ingin IKN berhenti Proyeknya pilihlah no 1,2
2023-12-25T17:35:41Z,@sarasutami896,Cukup emot ğŸ¤ğŸ»ğŸ˜Š,0
2023-12-25T17:08:45Z,@yusrankdr1748,"Ganjar Mahfud tetap yang terbaik, syarat pengalaman, cerdas, lugas, berintegritas, jujur, dan merakyat â¤",1
2023-12-26T05:49:05Z,@achmad2231,Wkwkwk kocak,0
2023-12-25T16:45:55Z,@dedysatriyono6420,Berikan kesempatan untuk yang muda dipriode ini untuk perubahan bangsa Indonsia.,6
2023-12-26T13:30:53Z,@user-pj2wg9et8p,Yg tua ngaso dulu beri yg muda kesempatan.,0
2023-12-25T16:04:49Z,@fidafentiastuti5824,Kenapa gibran pakai 3 mic yow aneh....,0
2023-12-25T16:13:31Z,@RachmaWahyuni-qr7ro,"Mbok ya melek matanya, itu semua pake 3 mic bre. Rabun apa gmna gara2 make item",0
2023-12-25T18:37:10Z,@mrbinyo2703,"Susah klo punya penyakit hati bawaan nya curigaa mulu, awas nanti strokes",0
2023-12-28T20:30:22Z,@mamasmas4438,Katro banget lu primitiffff,0
2023-12-28T23:52:08Z,@RachmaWahyuni-qr7ro,Kesian bre cantik cantik rabun,0
2023-12-25T15:09:01Z,@bambanklangkat339,Si imin visi misi nya liat contekan masak wkwk,0
2023-12-25T14:10:58Z,@oppobarusaja-ey8nq,GIBRAN TRENDING 1<br>SMART EXCELLENT...POOLLL<br>PRABOWO GIBRAN YESS,5
2023-12-26T07:52:18Z,@user-wv6ol3jk1c,Smart dari mananya???? Dari bisikannya? Wkwkwkw &quot;UDAH&quot; KOCAK LU,1
2023-12-28T20:18:16Z,@mamasmas4438,â€‹@@user-wv6ol3jk1cbetul bang lebih smart bangun 40 kota selevel jkt,0
2023-12-25T13:35:01Z,@heidysdr1787,Slepet,0
2023-12-25T13:30:02Z,@yoviporang6733,Gibran lebih berkualitas,1
2023-12-25T16:11:49Z,@IselOktaria-io5cl,Buat saudaraku semua sebangsa setanah air bangsa Indonesia saudaraku semua yg memberikan komen tentangmu debat orang orang yg pandai berdebat itu pandai bersilat lidah apakah laku kata dan perbuatan sama dengan apa yg mereka katakan jelas tidak toh? Selama ini rakyat Indonesia tetap dalam keterpurukan ekonomi dengan kata lain sebagian besar rakyat membutukan peluang kerja tapi mana?&quot; Dengan kata lain mereka anyah disanjung sanjung maboknya minta ampun?&quot; Intinya tong kosong nyaring bunyinya sampai sekarang mana buktinya,0
2023-12-28T20:28:42Z,@mamasmas4438,â€‹@@IselOktaria-io5clsiap dukungimam mahdi,0
2023-12-25T11:44:25Z,@jasavast6905,10 Tahun kemarin PDIP ngapain? mereka juga menjanjikan pemberantasan korupsi dan isu HAM. apa2an kalian?,0
2023-12-25T10:10:25Z,@AriePratama-je3hq,minimal rakyat Indonesia tau hilirisasi digital ğŸ˜…ğŸ˜‚ dungu terbuka dengan sendirinya sebelum terjadinya,1
2023-12-25T08:13:02Z,@Berita.Politan,"kalok perubahan terus kapan indonesia disegani negara luar,jika perubahan terus maka indonesia ketinggalan.",2
2023-12-25T14:55:25Z,@bambanklangkat339,Cerdas,0
2023-12-25T08:12:37Z,@Berita.Politan,"kalok perubahan terus kapan indonesia disegani negara luar,jika perubahan terus maka indonesia ketinggalan.",2
2023-12-25T08:02:28Z,@lyndaandtommy7622,"Jangan anggap enteng anak muda , Dunia dan Negara didunia menjadi canggih Oleh sebab anak muda.<br>Yg sudah tua tidak banyak wawasan canggih.",4
2023-12-28T01:45:29Z,@MG-gg2yi,benar,0
2023-12-25T02:57:50Z,@anjarlaksono5678,Mas Gibran ğŸ‘,1
2023-12-24T17:46:34Z,@idawidia4245,Ist the best ğŸ‘Œ  mas gibran pokoke    menjawab tenang tanpa text   semoga  1 putaran prabowo  gibran   RI1,15
2023-12-24T17:44:55Z,@ceritaku8483,d,0
2023-12-24T17:35:59Z,@rezapratamapratama3199,pasangan unik Mantap prabowo gibran tidak di ragukan lagi untuk menuju Indonesia yg lebih baik salam dua jariğŸ‘ğŸ‘ğŸ‘,45
2023-12-25T15:42:55Z,@makmunsarifuddin1153,"Sekelas tingkat nasional pertanyaan cerdas cermat, tidak singkatan singkatanğŸ˜‚ğŸ˜‚ğŸ˜‚",0
2023-12-25T18:54:01Z,@almaafitata1855,@@makmunsarifuddin1153g terima paslon.nya kalah ğŸ¤­,1
2023-12-26T18:39:18Z,@MasAgas-zv5tf,"â€‹@@makmunsarifuddin1153 APBD, APBN DLL, itu singkatan semua,. Masa seorang pemimpin gak tau singkatan wkwkwkwkwk",1
2023-12-27T11:01:27Z,@aryamaulanahamzah8592,â€‹@@makmunsarifuddin1153pffttt kalah kok ndak terimaaa,1
2023-12-29T02:42:39Z,@user-pw5hn9uc7q,"MANTAP!!! SEMOGA PEMBAGIAN BELIMBING SAYUR DAN ASAM SULFAT BERJALAN LANCAR <a href=""about:invalid#zCSafez""></a>",0
2023-12-24T16:38:37Z,@muryantomuryanto8728,"Bukan debat, itu tebak tebakan, Cerdas Cermat",0
2023-12-24T15:07:25Z,@user-qm4uh7cr6q,Cak Imin suka slepetğŸ˜‚ğŸ˜‚,0
2023-12-26T08:35:29Z,@boymajuntak9476,ğŸ˜‚ğŸ˜‚ğŸ˜‚ğŸ˜‚ğŸ˜‚ğŸ˜‚ slepet,0
2023-12-24T15:06:52Z,@user-qm4uh7cr6q,Cak Imin suka slepetğŸ˜‚ğŸ˜‚,0
2023-12-24T15:06:42Z,@user-qm4uh7cr6q,Cak Imin suka slepetğŸ˜‚ğŸ˜‚,0
2023-12-24T15:06:29Z,@user-qm4uh7cr6q,Cak Imin suka slepetğŸ˜‚ğŸ˜‚,0
2023-12-24T14:53:13Z,@aridmk_daily3396,Mahfud kayak nya mempermalukan diri semdiri padahal dia sbagai menteri,1
2023-12-24T14:45:50Z,@aridmk_daily3396,Ternyata gibran smart.. kalah 2 org,3
2023-12-24T14:28:36Z,@camella4245,Cawapres dii debat kemarin yg paling keren di tanya jawabannya yambung.P MahfudğŸ‘,0
2023-12-24T14:28:12Z,@neilajenar1414,Hahahhahahhahah gibran best bangat..,1
2023-12-24T14:04:18Z,@nhywatel2166,Siapa pun persiden ind yg terpilih. Smoga menjadi jambatan bagi mesyarkat. Agar bisa lewat dari kesusahan dan dlm pengaguran. Supaya pekerjan di kebun juga di perhatikan.,2
2023-12-24T13:53:19Z,@damsiruddinsiregar7525,Anak Ingusan jadi Anak Elang - Generasi Emas. Model slepetan Sarung bung Imin sdh ketinggalan Generasi - mungkin masih cocok buat Angkatan 45 ? Wallahu a&#39;lam bissawab.,0
2023-12-24T13:43:48Z,@indrarofiki2974,"Menit <a href=""https://www.youtube.com/watch?v=pNVtiDT8nVM&amp;t=2h18m22s"">2:18:22</a> ada kata udah",0
2023-12-24T13:31:43Z,@ediatmadja6868,"heheheheeeee,dengan gagahnya cak imin dan pak mahfud memasuki podium,,, eeeeehhhh<br>Tak tau nya dibantai habis&quot;San sama BLIMBING SAYOR YANG KATANYA PLANGA PLONGO,.... Dimanakah harga dirimu wahai cak imin yang sombong,,,,",1
2023-12-25T15:48:56Z,@bambanklangkat339,ğŸ˜‚ğŸ˜‚ğŸ˜‚ğŸ˜‚,0
2023-12-24T13:29:29Z,@indrarofiki2974,"Sy membayangkan capresnya mahfud wapresnya gibran, cak imin capres wapresnya anies,prabowo capres wapresnya ganjar debatnya anies vs gibran vs ganjar",0
2023-12-24T13:24:45Z,@indrarofiki2974,Sya anak muda merasa enak dipimpin wapres yg tua atau setengah tua bukan abg rasanya lebih merasa nyaman mhn maaf klo tersinggung,1
2023-12-24T12:43:07Z,@casbidi7780,Top markotopp mas gibran,1
2023-12-24T12:03:10Z,@pakngadino6801,Jujur &amp; tegas ganjar mahfud,1
2023-12-24T11:27:44Z,@mumaulanauniversal172,Yang bilang gibran PLONGA PLONGO malah jadi MELONGO di. Buat nya.. PRABU... PRABU ... PRAbowo rakaBUming YESS,0
2023-12-24T11:23:07Z,@2darajs520,Mas Gibran yes â¤â¤â¤ğŸ‰ğŸ‰ğŸ‰ğŸ‰ğŸ‰,1
2023-12-24T11:00:05Z,@sitiaminahiskhak74,Mas Gibran Tanpa TeksğŸ‘<br>Gak Janji Muluk2ğŸ‘,52
2023-12-27T04:28:00Z,@manguhechannel,beckok....lah,0
2023-12-27T05:23:36Z,@ErnaWati-gt4oo,Anehh gk mkai Tek sdah mkai mikropon 2x ditangan dan ditelinga itu artinya sdah terseting..smpai sini paham,1
2023-12-27T11:01:57Z,@aryamaulanahamzah8592,â€‹@@ErnaWati-gt4oowaw ada yg ndak terima nih paslon nya kalah,0
2023-12-27T12:16:10Z,@nirmala2196,"â€‹@@ErnaWati-gt4oolah itu pak mahfud dan cak imin juga samağŸ˜…ditelinga ada di dada ada,sama2 difasilitasi 3 mikrofon,lihat dengan jeliii sebelum komenğŸ˜…ğŸ˜…berarti apa dooonngg,,sepertinya penglihatan anda perlu diperiksağŸ¤­",1
2023-12-27T14:29:16Z,@bayusatria1090,"@@ErnaWati-gt4ookalo ga punya otak ga usah komen. Malu sendiri kan, itu semua cawapres pakai 3 mic sebagai bentuk antisipasi jika salah satu mic bermasalah sehingga tidak perlu waktu untuk mensetting ulang jika Mic Mati. Blog goblog ğŸ˜‚",0
2023-12-24T09:50:32Z,@silovandaru1710,Gibran di luar dugaan ternyata...mending semua pemimpin di setiap wilayah di indo....biar ank muda yg pinter2 lah yg jd maskot2 di negeri ini...yg tua2 jd penasihat saja,8
2023-12-24T09:33:53Z,@santadwipayana8457,Okedeh saya sudah dapat pilihan sekarang... All In Prabowo Gibran aja deh,8
2023-12-25T15:49:45Z,@bambanklangkat339,Salam dua jari âœŒğŸ¤˜,0
2023-12-24T09:16:42Z,@kimanman1115,"Yg fasti jangan  SEKALI KALI MEMILIH ANIS DAN AMIN MUHAIMON  CALON  PEMIMPIN NANTI  FAH JELAS NEGARA MAU DI BUAT KEHANCURAN, CUMA BICARANYA SAJA YG LANTANG KENYATAANYA BLUM ADA",0
2023-12-24T07:25:54Z,@yukivlog1952,Pilihanku hnya no 3 yg lain buang ğŸ¤£ğŸ¤£,0
2023-12-24T07:19:41Z,@ihwinannie4222,5 milyar per tahun untuk 1 desa? Diindonesia ada berapa desa ya pak cak imin?ğŸ˜Š,0
2023-12-24T09:29:21Z,@yusufkurniawan5454,"Nah itu janjinya terlalu susah dan terasa mustahil ujung ujungnya rakyat diperas lewat pajak , dan saat ini 1 milyar untuk 1 desa saja masih cukup berat dilakukan ğŸ˜‚ apalagi menyinggung ekonomi 40 kota buset itu sangat mustahil dilakukan dalam 5 tahun dengan ekonomi saat ini yang sangat tidak stabil kecuali pajak dinaikkan secara drastis dan hilirisasi dipercepat untuk 1 barang tidak seperti saat ini menaikkan nikel tapi yg diambil bukan hanya nikel tapi tembaga , logam , perak , timah juga terambil dan tidak ikut terhitung itu mengapa investor nikel sangat senang",2
2023-12-25T15:50:15Z,@bambanklangkat339,Kan dah dibilang si amin kebanyakan janji,0
2023-12-24T07:04:12Z,@TURUAyiZz,"Gibran itu cm melanjutkan kebohongan bpknya. ucapannya saat debat itu semua kebohongan, sesungguhnya dia dipersiapkan utk menjebak dan ingin mendapat simpati rakyat. jd dia dan bpknya ga pantes dihormati apalagi di puja puji",1
2023-12-25T15:30:58Z,@miralindasari9023,Kebohongan gmana mon maaff? Kamu udah berbuat apa buat bangsa ini?  Cumanya bisa nyinyir nerima bansor ajh nyengir nanti,0
2023-12-25T15:31:13Z,@miralindasari9023,Kebohongan gmana mon maaff? Kamu udah berbuat apa buat bangsa ini?  Cumanya bisa nyinyir nerima bansos ajh nyengir nanti,0
2023-12-25T15:31:27Z,@miralindasari9023,Kebohongan gmana mon maaff? Kamu udah berbuat apa buat bangsa ini?  Cumanya bisa nyinyir nerima bansos ajh nyengir nanti,0
2023-12-25T15:31:55Z,@miralindasari9023,"Kebohongan gmana mon maaff? Kamu udah berbuat apa buat bangsa ini?  Cumanya bisa nyinyir nerima bansos <a href=""https://www.youtube.com/watch?v=pNVtiDT8nVM&amp;t=1h14m41s"">1:14:41</a>  ajh nyengir nanti",0
2023-12-24T05:32:33Z,@donodini7083,"Apapun keputusan debat tdk ngaruh twrhadap pilihanku,karena debat blm tentu sesuai yg akan di kerjakan di lapangan,tetap Gama pilihanku.",3
2023-12-24T05:03:45Z,@technology2063,"Pertanyaan itu membutuhkan jawaban. Jika berharap yg ditanya tidak bisa menjawab, itu yg bertanya yg tidak cerdas ( bodoh).",4
2023-12-25T05:31:27Z,@stefanhnavetsea1588,"lain lah konteksnya, di sini pertanyaan itu menguji kualifikasi seseorang secara teknis, sama saja dengan ulangan, apabila siswa tidak mengerti soal ulangannya berarti dia kurang siap bukan berarti pertanyaannya bodoh. itu menunjukkan apakah seseorang calon pemimpin peduli dengan memahami sendiri urusan teknis atau pokoknya mendelegasikan ke bawahannya di departemen terkait dan tidak mau tau.",0
2023-12-24T05:01:29Z,@yanpetrus1232,Jatanya pak Bowo 2024 Gibran 2024 pasti satu kali putaran,5
2023-12-24T03:59:01Z,@radensonpurba6071,Mahfud idenya itu real.. Skrg duta besar hanya bagi bagi kue,1
2023-12-24T03:44:07Z,@radensonpurba6071,Cak imin mirip bosnya ngomong tapi mustahil di lakukan.. ğŸ˜‚ğŸ˜‚,0
2023-12-24T09:23:06Z,@yusufkurniawan5454,"Gw juga ngerasa gitu apalagi soal 40 kota , buset itu sangat mustahil dilaksanakan dalam 5 tahun jika ekonomi tidak merata seperti saat ini",0
2023-12-24T16:45:36Z,@opled1782,"coba rangkumkan kta2 dari visi misi yg dikatakan cak imin,kemungkinan bisa sh",0
2023-12-24T17:21:44Z,@yusufkurniawan5454,"@@opled1782 pertama anggaran 5M untuk 1 desa yang bahkan saat ini menerapkan 1M untuk 1 desa itu sangat banyak untuk desa didesa saya saja anggaran buat bendungan/waduk membutuhkan 400-500jt itu sudah sangat sangat membantu tapi setelah tahun tahun kedepan lenyap tak ada pembangunan selain gedung olahraga yang selama 3tahun belum kelar apalagi ini 5M yg fantastis dengan jumlah desa diindonesia yg banyak pertanyaannya dari mana duitnya jika 1M saja ambil dari apbd , meningkatkan ekonomi di 40kota dalam 5 tahun nah itu sungguh mustahil seperti sanggahan mahfud md karena itu ambisius dan termasuk mega proyek dari mana duitnya apakah itu hanya gimmick seperti 0%",0
2023-12-28T20:21:23Z,@mamasmas4438,â€‹@@opled1782DARIMANA DUITNYAAAAAAAA,0
2023-12-29T10:12:04Z,@opled1782,"@@mamasmas4438 maka nya rangkum kata2,dan juga sekarang pak anies juga angkat bicara soal 40 kota.<br>saya liat berita gk satu pihak.maaf",0
2023-12-24T03:18:54Z,@radensonpurba6071,Mahfud tentu lbh paham dari Imin.. Benar yg di sebutkan Pa Mahfud.. Fakta lapangan.. Dia orang pemerintah tentu sangat paham.. ğŸ˜…,2
2023-12-24T03:05:53Z,@radensonpurba6071,Amin rakyat tidak butuh bantuan terus menerus.. Tapi rakyat butuh pekerjaan..,18
2023-12-28T00:41:17Z,@Anemone70,benar.. semoga makin bnyak lapangan pekerjaan... saya berharap diberikan kemudahan bagi mereka yg ingin membuka usaha agar bisa memajukan sumber daya manusia dan memberikan lapangan pekerjaan bagi yg lain,0
2023-12-28T20:12:18Z,@mamasmas4438,Pilih anies sosulinyaâ˜,0
2023-12-24T02:50:33Z,@baehakisyakbani9135,"Disayangkn Magfud semasa   jdi Menkopolkumham TDK bxk berbuat ttg penegakkn  hukum, bahkn hukum jadi alat penguasa, rusak, ambruk penguasa",4
2023-12-25T17:48:04Z,@gembongft.anyageraldine4039,lalu skrg mau memberantas korupsi,0
2023-12-24T02:44:23Z,@baehakisyakbani9135,"Pertaxaan Gibran sebatas Teka teki.. TDK substansial  yg mendalam n luas terkait masalah yg dihadapi  negara n solusinya ... ?? , dan ini debat TDK patut Krn Gibran melawan   Mahfud   selaku pembantu ayah dari Gibran",0
2023-12-24T02:41:31Z,@hbehaagnstore4502,"Dalam debat ini Gibran mimang unggul karena sudah siap untuk menjawab apa yg akan di tanyakan moderator, tapi semua itu gak ngaruh bagi kami sekeluarga, kamitetap plh no. 3",8
2023-12-24T12:34:50Z,@iqbalbal3420,Pilih mna aja jga sama jdi rakyat knapa hrus pke naik darah,2
2023-12-24T13:01:31Z,@user-dd7ek6et5b,Suka pilih ga suka abaikan,1
2023-12-24T15:06:34Z,@dimasarif5397,"Demokrasi mutlak di tangan rakyat, tanpa ada paksaan dari siapapun untuk menghendaki sebuah pilihan<br>Wkwkwkwwk emang rakyat mana yg mempengaruhi keluarga anda siapa ??",1
2023-12-25T15:52:42Z,@bambanklangkat339,Alah yg penting jangan golput lah wkwk,1
2023-12-28T14:26:26Z,@jihanayualivun1517,"Inget kata pak prabowo, yg nentuin tuh rakyat jadi ya bebas aja sih mau pilih mana aja, kalau mantab 1 ya 1 , 2 ya 2 , 3 ya 3. Sesimpel itu kok",1
2023-12-24T02:28:50Z,@radensonpurba6071,Hebat gibran cara komunikasi nya..,11
2023-12-24T02:20:37Z,@AbuYahiko,tetep panggah dukung pak Ganjar Mahfud,1
2023-12-24T01:20:59Z,@poer8982,misteri suara perempuan saat G bicara...itu siapa...wkwk,0
2023-12-25T15:53:11Z,@bambanklangkat339,Wkwkwk fitnahan ga bermutu,0
2023-12-24T01:11:54Z,@sylviachan4609,Kok Pak Gibran tdk clear jawaban dr Gus Muhaimin? Clear the glass.. krnapa dituduh tendensius? Hanya diminta tips and trick saja kok langsung emosional? Apa krn ada di kubu yg penuh dgn partai2 dan org2 post power pernah berkuasa di Indonesia. Kenapa rada2 takut dikilik2 ya makanya lgsg menyerang?,0
2023-12-24T01:03:02Z,@BADSUPERNOVA23,Go anies go to the new indonesia...,0
2023-12-24T01:02:59Z,@hambayusantuy1726,Suhu nya di sini cawapres nya Gibran... Yang lain cupu,3
2023-12-24T01:02:37Z,@pakatlula6404,capres yang menjanjikan peti mati unuk dirinya jika terbukti terima suap itulah yang akan dipilih RAKYAT,0
2023-12-24T01:01:44Z,@pakatlula6404,MAhfud dan ganjar yang paling berani Miskin aka anti suap,2
2023-12-26T12:23:41Z,@1001CeritaNetizen,Yakin ..?,0
2023-12-24T01:00:32Z,@Goa.salah.udin.36,KALAU CIMIN...RUSAK INDONESIA,5
2023-12-24T03:56:23Z,@user-pj2wg9et8p,Cak Imin mending ngelawak aja,1
2023-12-26T10:16:57Z,@damarisrisma,slepett..,0
2023-12-24T01:00:29Z,@user-fv4ki7zd3y,Yg paling bgus amin,0
2023-12-24T00:59:49Z,@pakatlula6404,Cak imin :Kecepatan internet  di Indonesia MASIH sangat RENDAH<br><br>netizen : itu akibat di KORUPSI orang orang NASDEM aka G. PLATE,3
2023-12-24T02:05:32Z,@geprekmv7671,bang udah bang,0
2023-12-24T00:59:32Z,@user-fv4ki7zd3y,Mas Anis capres yg sederhana,0
2023-12-24T00:58:31Z,@user-fv4ki7zd3y,Aku rindu perubahan,0
2023-12-24T04:27:44Z,@mangkuhariarmaya291,Aku tidak rindu perubahanğŸ˜…ğŸ˜…,0
2023-12-24T00:57:25Z,@user-fv4ki7zd3y,Pak anislah Inya Allah menang,0
2023-12-24T03:53:24Z,@radensonpurba6071,Jangan sampai.. Nol besar.. Jkt hancur,0
2023-12-24T00:56:51Z,@yudhasengon1453,"Positip satu putaran sa <a href=""https://www.youtube.com/watch?v=pNVtiDT8nVM&amp;t=1h52m33s"">1:52:33</a> lam âœŒï¸ jari saudara",6
2023-12-24T00:46:52Z,@khairinsan4585,Saya sihbpilih yang tidak curang saja.. <br>Buat apa program bagus tapi curang,0
2023-12-24T00:39:08Z,@abnormal1001,Wkwkwkw kakap itu... Ngomong kok pake mungkin,0
2023-12-24T00:36:02Z,@igustiayuprihartati7447,Diantara 3 calon ini saya masih percaya banget sama pak mahfud.. Beliau sangat negarawan dan sudah terbukti sumbangsihnya buat negara...,12
2023-12-24T00:32:04Z,@matahatie8115,Gibran gk nyambung.... ngibul melulu... asal bunyiğŸ¤£,0
2023-12-24T00:29:58Z,@ulyasabila2296,Q baru lihat debat ini..mungkin berkaitan jalan keluar dari keterpurukan bidang riset ..tapi apa memang blm ada visi ini..Indonesia  dana riset rendah banget..bisa dilihat di negara lain..q kwatir kalau ini berkelanjutan 20thn akan jadi negara primitif,1
2023-12-26T14:40:44Z,@ekaa5223,dana buat insan pendidikan nya juga kak. miris bgt negara kita ğŸ˜¢,0
2023-12-24T00:29:32Z,@HeruArdiansyah-vw5cf,Pulau rempang apa kabar,0
2023-12-24T00:18:30Z,@usmanosmond9826,"Yang menilai punya kemampuan memimpin,yg memiliki wawasan dn pengetahuan ut capres/cawapres rakyat semesta bukan partai pendukung dn team nassesnya.ğŸ˜Š",3
2023-12-24T00:17:43Z,@JoeHarmony-kb8ym,Yg sering di hina dan di lecehkan itulah yg akan unggul nantinya,18
2023-12-27T03:01:48Z,@Shining.Star21,"Yak, harus selalu semangat. Walau paslon 02 sering di jatuhkan, ketuaan atau kemudaan, atau dibilang anak bau kencur, dibilang cuma ngandelin bapak. Nanti semoga siapa yg terbaik untuk negri, itulah yg jadi. Pemimpin yg betulÂ² pro rakyat",1
2023-12-24T00:17:01Z,@dinochip8565,Gibran setelah menyampaikan..langsung di sambut tepukan..( ikkhh norakkkkk ),0
2023-12-28T20:26:30Z,@mamasmas4438,Kalo imin abis ngomong gw malah ngakakkk,0
2023-12-24T00:13:54Z,@nyomanwardika6856,Semua mantap tapi yng paling mantap mas Gibran â¤,4
2023-12-24T00:44:03Z,@igustiayuprihartati7447,Ahh saya lebih percaya ke pak mahfud dgn segudang pengalaman beliauğŸ˜Š Gibran terlalu dipaksakan dgn mengorbankan pamannya pdhl dimasa depan kesempatan dia masih banyak kenapa ngotot banget? Etikanya ga ada..,0
2023-12-24T07:09:11Z,@DTA.94,@igustiayuprihartati7447 pengalaman beliau yang gagal jadi menko Polhukam yang seharusnya membenahi hukum eh malah makin parah.,0
2023-12-25T17:46:24Z,@denipo9877,âœŒ,0
2023-12-25T17:47:03Z,@denipo9877,sekarang solar sulit pak,0
2023-12-24T00:13:10Z,@ninikpujayanti3330,Tetap Muhaimin yg bagus. AMIN AMIN AMIN...,0
2023-12-24T01:03:29Z,@user-fv4ki7zd3y,Nu dan muhammadiyah ndukung Anis yg sopan,0
2023-12-24T00:09:59Z,@user-rw1pt2ci5g,"Dalam debat, tidak bisa menilai menang-kalah, karena wasitnya(KPU) tidak pernah mengumumkan paslon mana yang menang dan kal;ah",6
2023-12-23T23:54:56Z,@soelaimanakbar6325,JUJURLAH...KALO KALIAN SEMUA YG KOMEN MAU JUJUR....TIDAK PERLU LIHAT DEBAT LAGI...PROF.MAHFUD MD LEVELNYA DI ATAS CAK IMIN APALAGI GIBRAN YG MASIH HIJAU BEGITU.,2
2023-12-24T07:17:01Z,@DTA.94,Iya bahkan saking hebatnya beliau jadi Menkopolhukam malah hukum makin amburadul,0
2023-12-23T23:53:51Z,@tulangbawang1570,Slepet pet pet pet,0
2023-12-23T23:52:39Z,@herrysulistiono7136,Klepet&quot; + kopet yo gus jadinya ngepet nyopetğŸ˜‚,1
2023-12-23T23:51:35Z,@sitialisnoor1908,Maaf klo sy sih..klu debatnya menonjolkan istilah sama sprt mahasiswa mau disertasi..krn utk mendampingi kepala negara hrs mateng baik usia..pengalaman jabatan dan ini ada pd Pak Muhaimin dan Pak Mahpud..harapan km sbg masyarakat biasa smg yg memimpin nanti bs membawa negeri ini.damai dan barokah.Aamiin,2
2023-12-23T23:49:47Z,@user-zs2ze1yy1n,DEBAT KUPON bukan dari otak PaslonğŸ˜ğŸ˜ğŸ˜ğŸ˜ğŸ˜,0
2023-12-23T23:47:35Z,@fachryahmad5907,Kalo di atas kertas pak Mahfud harusnya menang di nilai ini di lihat dari pendidikan dan pengalaman juga andil beliau di dalam negara kita,10
2023-12-24T01:22:36Z,@poer8982,pak MD dan Gus Imin...terlalu kalem....sedanhkan G udah persiapan bener pakai earphone segala....dobel2..wkwk,0
2023-12-25T19:58:35Z,@agathasetianarprianto8813,"itu mic bang, earphone mananya",0
2023-12-26T01:16:58Z,@lulukester8566,Tapi bagiku pak MAhfuf biasa aja. Cuma cari aman,0
2023-12-27T05:25:04Z,@user-hm1sx8lh5m,@poer8982 itu mic bukan earphoneğŸ˜‚ smua juga pakaiğŸ˜‚ğŸ˜‚,0
2023-12-28T20:13:04Z,@mamasmas4438,â€‹@@poer8982KATRPOOOOO NDESOOOOOOO,0
2023-12-23T23:45:55Z,@eypram1142,Semoga Allah Jauhkan dari Kaum No AKHLAK... ETIKA NDASMU,1
2023-12-23T23:41:33Z,@RoniJamroni-sp2si,"Gak ada yang cocok. Persiden sekarang paling bohongin lagi seperti  yang sudah  , janji.  Janji bantuan bantuan tidak merata.  Bbjs  tidak  merata ,  yang lagi lapar di  abaekan yang serba ada punya beras punya pabrik di kasih sembako kita yang lagi butuh beras ada  bantuan sembako gak pernah dapet ,   saya  cinta indonesia tapi saya.  Gak mau milih persiden   sebelum  ada keadilan di Indonesia ini di dirikan dengan tegas setegas tegasnya.     Kami dari tegal jawatengah ,",0
2023-12-23T23:41:19Z,@af_riansyah,Waktu debat ada kotak dibelakang pinggangnya....fungsinya apa ya .,0
2023-12-25T15:57:03Z,@bambanklangkat339,"Wkwk segitunya kali ya niatnya ingin menjatuhkan pdhal itu cuma lekukan baju, udh dijelaskan juga di TT. Nampak kali ini buzzer 01 yg doyan menjatuhkan.",0
2023-12-28T20:28:08Z,@mamasmas4438,KATRO NDESO PRIMITIFFF,0
2023-12-23T23:30:45Z,@khairinsan4585,BERANTAS KECURANGAN!!,0
2023-12-23T23:29:39Z,@imasnawangsari3513,Tetap aja yg pentung anis menang,0
2023-12-24T04:00:18Z,@hbehaagnstore4502,Pentung,0
2023-12-23T23:28:02Z,@bundainna5467,"â¤â¤â¤â¤ternyata mas gibran bisa berbicara juga, yg dihina diremehkan ternyataaa sangat cerdas",20
2023-12-23T23:47:01Z,@eypram1142,"Arogan, Sombong, Tengil = Etika nDasmu",0
2023-12-24T00:33:01Z,@matahatie8115,ngomong bohongğŸ¤£,1
2023-12-24T01:23:47Z,@poer8982,misteri suara perempuan saat G bicara...itu siapa...wkwk...<br><br>berani gak debat terbuka didepan mahasiswa tanpa bantuan earphone?... pertanyaan tanpa tertulis....,2
2023-12-24T02:53:22Z,@radensonpurba6071,Mahasiswa blm lah mumpuni utk berbicara kelas nasionalis.. Yg hadir di sini adalah dosen dan tentu murid hrs belajar duluğŸ˜‚,1
2023-12-24T07:04:38Z,@matahatie8115,maklum bang... belajar berbicara garang didepan orang pandai..yang tujuannya biar setarağŸ¤£..... eh malah nyungsepğŸ¤£,2
2023-12-23T23:20:24Z,@abdiwahyu4472,"Niat nya Gibran dengan istilah2 yg tidak umum seperti SGEI, carbon capture storage itu mirip mobil Esemka bodong bapak nya... Yg sesungguhnya hanya ingin menjebak isi kepala sesungguhnya bodong juga..",1
2023-12-23T23:42:21Z,@laksmitadianiputri2771,"Hemm, mbok ya klu bisa itu kita bicara yg sejujurnya, janganlah kita bicara yg pda akhirnya justru malah membuat kita spt orang bodoh, kita semua tahu prof mahfud orang yg cerdas n hebat, tpi kalu trus dibilang dijebak dg pertanyaan oleh seorang anak BLIMBING SAYUR itu kan sangat gk msuk akal, klu nurut saya itulah buah dri merendahkan org lain, ingat dg kita merendahkan n meremehkan orh lain berarti scr tdk lgsg kita juga merendahkan ALLAH",1
2023-12-24T07:15:20Z,@DTA.94,Merendahkan Firaun juga merendahkan Allah gitu ya? ğŸ˜‚ğŸ˜‚,0
2023-12-24T08:34:50Z,@laksmitadianiputri2771,@@DTA.94 itu terserah persepsi anda krn sy thu anda berpandangan atas dasar kebencian,0
2023-12-24T08:46:31Z,@DTA.94,@@laksmitadianiputri2771 ente sendiri bilang anak BELIMBING SAYUR. Ngerendahin ALLAH nih ceritanya ente? Nauzubillah,0
2023-12-23T23:20:22Z,@harispadilah6435,Apapun debatnya tetap pa anis jd presidin nya,1
2023-12-23T23:17:48Z,@MutoharTogar-yh1oi,Penurunan kemiskinan catatan darimana data dar manaaaa laporan abs kok di besar besarkan,0
2023-12-23T23:16:42Z,@fikkribawazier9703,KO BEDA YA PENAMPILANNYA SAAT DEBAT DG ANAK SMK HINGGA  MIX NYA SAMPAI MATI,0
2023-12-23T23:13:21Z,@ahmadsyahid271,Ganti&quot;pmmpn Gak ngaruh.yg jls bikin susah.rkyt kcl<br>Janji&quot;Zonk,1
2023-12-23T23:11:50Z,@pitpiat8182,pendekar suhu madura dan suhu perguruan PKB tdk berkutik oleh pemuda yg dianggap cupu ternyata menguasai jurus ekonomi dalam dan luar negeri.,11
2023-12-24T09:38:47Z,@azfarsyamil7095,Dan jawaban gak nyambung sama sekali,0
2023-12-24T11:18:56Z,@pitpiat8182,"@@azfarsyamil7095 prof mpud memalukan, mungkin prof paling dungu. untung sy bkn orang madura, jika dari madurapun pasti sy sangat di permalukan sama si mpud.",2
2023-12-23T23:09:01Z,@dedyms4361,Dlm debat gibran seperti ada yg mandu di headset nya.,0
2023-12-25T15:58:36Z,@bambanklangkat339,"Kaloada yg mengarahkan, seharusnya dlm menjawab gibran terbata2 kan? Tapi ini apa?  Lancar tanpa ada jeda. Be smart lah. Akui saja kalo gibran lebih unggul.",1
2023-12-25T18:04:54Z,@ajichobibullah4956,Be smart pakğŸ˜‚,0
2023-12-26T07:48:32Z,@dwhyxuwhyx780,Wkwkwkw mana coba mana,0
2023-12-23T23:07:13Z,@user-xz8mw4fv2y,prabowo gibranğŸ‘ğŸ‘ğŸ‘ğŸ‘ğŸ‘ğŸ‘,23
2023-12-23T22:57:12Z,@elinda3546,Klu mau memilih pemimpin pilihlah orangnyaa yg cerdas pintar rendah hati dan orang yg betul2tulus melakukan kebaikkan ğŸ˜…ğŸ˜…ğŸ˜…ğŸ˜…,0
2023-12-23T23:13:30Z,@tijowdenny2830,"Itulah Gibran orang nya bro,",1
2023-12-25T15:58:52Z,@bambanklangkat339,Itulah PraGib,0
2023-12-23T22:54:50Z,@carmanayanaya5,"Kalau orang berilmu dan berwawasan luas. Coba undang sama akademisi atau mahasiswa. Disitu akan ditanya secara acak utk uji kemampuan, apa para calon tsb bisa memaparkan gagasan dn menjawab dg baik. Karena disitu tdk ada pertanyaan yg dipilih(ditulis) sehingga tdk ada bocoran",30
2023-12-23T23:06:55Z,@tokombahkembang248,kpu nya takut pak lurah...,4
2023-12-23T23:36:32Z,@nyakumar8096,Gua dengar nama kpu aja muntah,1
2023-12-23T23:45:41Z,@inarashaki1978,ya hrs diundang,2
2023-12-23T23:53:24Z,@brandalelite4256,"Cara berfikir yang sangat primitif sekali.seandainya pun bisa memenuhi tantangan anda,maka akan hadir tantangan lainnya.dan tantangan terakhirmu pasti &quot;coba berjalan diudara,coba berbicara dalam 100 bahasa,coba bangkitkan orang mati&quot;.<br><br>Orang kalau sudah benci,fasik nya minta ampun.",4
2023-12-23T23:55:07Z,@tulangbawang1570,Slepet pet pet pet,0
2023-12-23T22:53:53Z,@ndorodoso8475,Upaya apa yang yang akan ditempuh untuk mengatasi terjadinya DASIHM mas Gibran?,1
2023-12-23T22:50:47Z,@Pokokmehong.mroket,"Apa solusi bapak menghadapi orang IMNMC ? <br>Intinya Mokong dan Ngelamak, Maksa dan Curang. <br><br>Semoga nanti pemimpin yg terpilih jadi pengayom dan teladan kepada rakyat.",0
2023-12-23T22:50:35Z,@padlirahman6689,Semua punya ide dan gagasan walau gasekolah,0
2023-12-23T22:50:10Z,@bubuproductionsofficial9799,"<a href=""https://www.youtube.com/watch?v=pNVtiDT8nVM&amp;t=2h25m48s"">2:25:48</a> ngapin ditanyakan itu sulll, malu2in anda... SGIE itu tdk familiar, itu bukan masalah yg populer dn tdk dpermasalhkan dikalangan pemerintah. yg jd masalah kmakmuran &amp; kesejahteraan rakyat, korupsi dmn2, nah muncullah ide2 dari otak anda,..... visi misi foya2 infrastruktur warisan yg dbanggakan..... masih asik2nya anak ini memuji orang tuanya dri pertama pakwi pakwi pakwi. IKN adalah alat menjatuhkan lawanğŸ˜‚ğŸ˜‚ğŸ˜‚ SEIG = TPID",0
2023-12-23T22:49:55Z,@user-gs1fg1kj7z,Gak tertarik ISinya hanya sinddiran dan kesombongan ketamakan dan hujatan. Belum  mengena di donesia,0
2023-12-23T22:49:12Z,@mpicrb8962,"&quot;Selamat Natal dan Tahun Baru&quot; ğŸ‘ epik bgt hny 1 paslon yg mengucapkan, junjung trs persaudaraan",20
2023-12-24T12:54:47Z,@wilsonwuisan6070,Pilih Gibran,1
2023-12-25T17:46:36Z,@gembongft.anyageraldine4039,hanya karena itu?,0
2023-12-26T11:22:29Z,@berlianiigustii6875,@@gembongft.anyageraldine4039 itu termasuk attitude pak.,1
2023-12-28T20:11:32Z,@mamasmas4438,â€‹@@gembongft.anyageraldine4039panas???,0
2023-12-23T22:49:05Z,@fransiscusyasmangea5343,Cape de,0
2023-12-23T22:48:24Z,@padlirahman6689,Sejauh manÃ  langkahmu,0
2023-12-23T22:46:50Z,@Kudaterbang-2992,Orang cerdas yg mengutamakan nusantara dan nkri dijamin pasti pilih GaMa. Bukan yg lain. ğŸ‘ğŸ‘,4
2023-12-23T22:46:07Z,@arya7203,Aku yo milih sing jujur yo disiplin Om,0
2023-12-23T22:43:39Z,@bougati8425,"Muda penuh energik, cerdas ,pengalaman tapi jg santun beradab.",17
2023-12-23T23:26:36Z,@bundainna5467,"itulah mas gibran, ingsaalh",1
2023-12-23T23:46:35Z,@khairinsan4585,Pendaftaran cawapres nya aja curang BAGAIMANA nanti??? <br>Daftar sudah mengorbankan pamannya tumbang di MKğŸ˜‚ğŸ˜‚,0
2023-12-24T00:40:20Z,@igustiayuprihartati7447,Bolehkah dibilang anak haram Demokrasi?,0
2023-12-24T02:56:19Z,@radensonpurba6071,Demokrasi ko anak haram nya.. Lihat hasil jgn dengar omongan politisi ngawur yg hanya ingin jabatan..,0
2023-12-24T02:58:52Z,@radensonpurba6071,Korupsi ini sdh mengakar di negeri.. Kalau nanti mahfud jd wakil.. Korupsi sampai skrg blm sembuh.. Inilah pasti yg penting,0
2023-12-23T22:40:20Z,@tjn.4018,Debat cuma buang duwit itu sudah di seting,0
2023-12-24T03:56:28Z,@radensonpurba6071,Kan kelihatan itu spt undian.. Gimana di setting.. Kalau otak tidak ada isi lsg kelihatan.. ğŸ˜‚,0
2023-12-28T20:29:12Z,@mamasmas4438,Di seting buat di slepat slepet,0
2023-12-23T22:38:25Z,@noviumar8582,Tdk menarik,0
2023-12-23T22:35:02Z,@user-po7ti7gq3n,"MEMALUKAN, DEBAT ANAK TK.",0
2023-12-23T22:34:13Z,@user-po7ti7gq3n,DEBAT TAK BERMUTU. LEBIH PINTAR CUCU SY KLS 2 SD.,0
2023-12-26T03:22:20Z,@Sella.matMakan,"menyepelekan orang lain, semoga anda dan keturunan selanjutnya tidak di sepelekan orang lain juga seperti anda menyepelekan orang lain.",0
2023-12-23T22:26:12Z,@perusak111,kok bisa ya harimau naik panggung<br>saya tidak akan menyebut namanya bapak aniesğŸ˜‚ğŸ˜‚,1
2023-12-23T22:15:24Z,@bambangsaja-if2cn,"Pasti banyak sekali anak muda Indonesia yang berumur 40 tahun  dan lebih cerdas, bukan walikota atau bupati, sayang mereka nasibnya tidak sebaik Gibran (terpilih menjadi Cawapres). Itulah nasib....kehendak yang MAHA KUASA.....",26
2023-12-23T22:18:20Z,@user-iy5ks4xh5w,Tidak boleh sirik ğŸ˜‚ğŸ˜‚ğŸ˜‚,1
2023-12-24T02:38:11Z,@radensonpurba6071,Itu bukan nasib bro.. Tapi kodrat.. Jd manusia dosa kalau menolak kadratnya.. Artinya anda menyesal di lahirkan orang tua anda..,0
2023-12-24T07:00:39Z,@DTA.94,â€‹@@radensonpurba6071 sibambang pengen namanya jadi gibran biar bisa ikut jd cawapres,0
2023-12-24T14:19:29Z,@mamaemasranggaresyal3020,"Klo org yg pinter semua JD cawapres siapa rakyatnya bos <a href=""https://www.youtube.com/watch?v=pNVtiDT8nVM&amp;t=1m23s"">1:23</a>",0
2023-12-25T21:10:01Z,@Duadua22,Mungkin bpk anda dulu kurang pintar,0
2023-12-23T22:07:08Z,@user-iy5ks4xh5w,Tetap gibranâ¤,11
2023-12-23T23:21:52Z,@Rahayuni2023,Yg tumpul otak nya pilih Gibran.,0
2023-12-23T23:38:04Z,@YuliaPetrus-kz9hk,Tetap Prabowo Gibran â¤,0
2023-12-23T22:04:50Z,@logikaadeardungu-pj8jm,"Sejujurnya saya gak tertarik dalam berdebatan seperti ini, ujung ujungnya jika kita memilih suatu partai,,figur, nanti akan berkoalisi dgn partai yg kita tidak menyukai, intinya kita hanya akan di wolak walik",12
2023-12-26T14:33:16Z,@ekaa5223,iya bner ini ğŸ˜¢,0
2023-12-27T02:55:42Z,@Shining.Star21,"Ga usah nonton klo gitu. Debat ini di adakan hanya untuk mereka yg memang bingung, butuh referensi singkat, dan butuh melihat mereka saling beradu argumentasi",0
2023-12-27T02:58:59Z,@Shining.Star21,"Sekaligus untuk menjadi jejak digital dari janjiÂ² mereka para paslon. Jadi nanti rakyat bisa menagih janji dan punya bukti jika paslon yg lolos sedang loyo/lupa terhadap janji nya saat kampanye. Kalau janji yg diutarakan saat debat ini kan secara nggak langsung merupakan pernyataan resmi yg ga bisa mereka elak. Beda kalo cuma teriakÂ² pas kampanyeÂ² di jalan, Kayak kurang resmi ğŸ˜‚",0
2023-12-27T05:21:08Z,@logikaadeardungu-pj8jm,"@@Shining.Star21 memang gak nonton, lagian juga gak bermanfaat, yg di untungkan bukan saya atau pun kamu jika mereka terpilih, saya tetep seperti ini dan kamu tetep seperti itu, gak berubah sama sekali",0
2023-12-23T21:51:40Z,@AndiPrincess-ty4pq,"Anies Muhaimin tetap, salam Perubahan Yessss",7
2023-12-23T21:39:03Z,@nangkokpardede1154,"Innama,,kak diama golang mi,,ninna..tiada yg bersalah mgkin uang hitam sbgi penghantar,,gatti sadekade kemarin emas penghantar ,,pandemix. Kedepan nyawa penghantar,,oto hian do amani gelleng. Nolo bagian tubuh",0
2023-12-23T21:36:37Z,@raysdanim1199,"Sekarang lagi marak maraknya judi onlain,itu gimana cara megatasinya.biar tidak merusak mental dan pikiran kaum muda.",3
2023-12-23T22:11:11Z,@user-iy5ks4xh5w,Pikira saja sendiri siapa suruh judi. Judi lagi bang H Roma iramağŸ˜‚ğŸ˜‚ğŸ˜‚ğŸ˜‚,0
2023-12-25T05:43:41Z,@stefanhnavetsea1588,"pusatnya di kamboja di filipina, jangan berpikir sebagai korban, pejudi itu pelaku judi, mentalnya bukan rusak karena ada judi online, tapi yang bermental rusak lah yang berjudi online, jangan selalu menempatkan diri sebagai korban yang patut dilindungi, tetapi beranilah mengaku salah dan berubah.",0
2023-12-28T20:25:13Z,@mamasmas4438,Ya jangan main judi,0
2023-12-23T21:36:20Z,@nangkokpardede1154,"Idago zia,,,aha diboan ho diau,,",0
2023-12-23T21:24:23Z,@nangkokpardede1154,"Pikirku mgkn kakak adik kau gadi perawanku,,tak boleh begitu..kalau citamu itu berat sama ini pria ga perlu perempuan dan anak kita",0
2023-12-23T21:22:05Z,@user-pj2wg9et8p,"Muda tapi berilmu, mantap mas Gibran",24
2023-12-23T23:28:05Z,@khairinsan4585,Muda curang salam warasğŸ˜‚ğŸ˜‚<br><br>Kalau daftar cawapres aja pake kecurangan gimana nanti???,1
2023-12-29T02:56:18Z,@rizqirosyady558,kecurangannya dimana pak?,0
2023-12-23T21:22:00Z,@nangkokpardede1154,"Tetapi mas givbran dia bawa anak laki,laki itu anak perempuan jepan itu,,,seingatku joko,,sultan keraton pergi berobat tentang anu dikau,,kok dia tunjuk nama dikau ber2.givbran dan henri polisi muda,,",0
2023-12-23T21:19:14Z,@nangkokpardede1154,"Sama sekali ga kenal...aku bilang ga kenal,,kau hantam aku",0
2023-12-23T21:18:27Z,@nangkokpardede1154,"Saya kenal henri atau givbran,,saya perempuan,,gadis perawan sama seperti adik,,saya bilang gitu..dihantam aku",0
2023-12-23T21:17:13Z,@nangkokpardede1154,"Ya ,,tuan jepan,,lumayan sadis",0
2023-12-23T21:16:13Z,@nangkokpardede1154,"Ada perempuan rahasiamu,,menyuruhku hanri aja jgn giv..",0
2023-12-23T21:15:18Z,@nangkokpardede1154,"Dimana kuat mu givbran alat vital dirajang,,",0
2023-12-23T23:44:59Z,@cantikaputrinablla9677,"Orang Jawa kok jorok.  Yg sopan. Allah lebih tau yg benar,",0
2023-12-25T16:01:30Z,@bambanklangkat339,Ngomong apa kau,0
2023-12-23T21:14:22Z,@nangkokpardede1154,"Itu wanitamu,kalian ngaku",0
2023-12-23T20:58:05Z,@alfianutomo583,Slepet Hero mobile Legend Bang bang,0
2023-12-23T20:55:39Z,@arifwibowo1688,Slepet,0
2023-12-23T20:55:21Z,@tripolyshoes07,Sepeda kali digenjotğŸ˜‚,0
2023-12-23T20:42:29Z,@muhamadfahreza5306,Pak Machfud pilihan kita.  ğŸ‘â¤,1
2023-12-25T18:05:46Z,@ajichobibullah4956,ğŸ˜‚,0
2023-12-23T20:36:03Z,@the1shop322,Yes mantap masgibram maju mas terus mantap masgibran amin yarobal alamin,7
2023-12-23T20:34:27Z,@panjangfarm4613,Demak siap menangkan  Ganjar mahfud,0
2023-12-23T20:23:00Z,@danangharyanto2443,"Dari hati saja....<br>Prmuda cerdas malah di cemo oh...ini lah indonesia.,..<br>Kembali lagi jika anda punya anak cerdas dan mumpuni terus di anggap bodoh mungkin ada mau menerima...ups ğŸ˜‚",6
2023-12-24T01:08:34Z,@igustiayuprihartati7447,Banyak orang cerdas tp yg punya etika sedikit cara majunya salah.. Knp ga sabar menunggu momentum,1
2023-12-24T07:10:59Z,@DTA.94,â€‹@@igustiayuprihartati7447contohnya ada orang cerdas pas ngomongin gagasan tp kerjaanya cuma bisa bongkar pasang trotoar sama gonta ganti patung padahal rakyatnya lg kena gelombang phk,0
2023-12-23T20:11:14Z,@dedijunaedi802,Sy menunggu jawaban mas gibran klo debat ditanya tentang mk.oleh pak mahfud.,0
2023-12-23T20:10:27Z,@auliaputri2729,Jangan ujung-ujungnya pajak naik ya ğŸ˜…ğŸ˜…ğŸ˜…ğŸ˜…ğŸ˜…ğŸ˜…,0
2023-12-23T20:24:50Z,@Anita-ir5ux,"semoga rakyat sadar.<br>Indonesia itu penjajah.<br>Indonesia menjajah Negaranya sendiri.<br>Indonesia menjajah bangsanya sendiri.<br>Indonesia menjajah Rakyatnya/pemilik Negerinya sendiri.<br>Polisi cuma digunakan untuk menakut nakuti rakyat&amp;memaksa rakyat supaya mau dibodohi.<br>Rampok.. Rampok...Penjajah.. Penjajah...<br>Andai rakyat dipersenjatai seperti zaman kolonialisme.saya yakin para pengkhianat Negara,pengkhianat amanat Rakyat,oligarki penunggang kekuasaan&amp;penjajah ekonomi Negeri ini sudah binasa",1
2023-12-25T19:09:52Z,@ajichobibullah4956,Tolong dipahami lagiiğŸ˜‚bukan dinaikan pajaknya tp ditambah penerimaanya wkwkwk be smart,0
2023-12-23T20:10:18Z,@auliaputri2729,Jangan ujung-ujungnya pajak naik ya ğŸ˜…ğŸ˜…ğŸ˜…ğŸ˜…ğŸ˜…ğŸ˜…,0
2023-12-24T03:49:16Z,@radensonpurba6071,Pajak bukan masalah naik atau turun tapi perluasan pendapatan pajak.. Export import naik.. PPN dan PPH.. Lbh besar jangkauan nya semua ini ada hubungan dgn investasi,0
2023-12-23T20:10:08Z,@auliaputri2729,Jangan ujung-ujungnya pajak naik ya ğŸ˜…ğŸ˜…ğŸ˜…ğŸ˜…ğŸ˜…ğŸ˜…,1
2023-12-25T12:14:16Z,@opled1782,ğŸ˜‚ğŸ˜‚ mungkin buat makan aiang gratis..upsğŸ¤­,0
2023-12-23T20:08:45Z,@icomp26,mantap mas gibran,6
2023-12-23T22:38:49Z,@fadjarf1474,"Kelihatannya santun mas Gibran itu,  tapi artinya itu dia hatinya senang dan gembira bisa ngenyek dan menghina yg lebih tua dgn cara menjebak  dgn singkatan SGIE",0
2023-12-23T20:07:54Z,@the1shop322,Yes mantap masgibran maju masgibran menang amin yarobal alamin,0
2023-12-23T20:04:56Z,@lindyanistarinjani,Bulshit pajak utk rakyat tdk naik jk rasio pajak naik,1
2023-12-23T20:29:58Z,@Anita-ir5ux,apa haq kalian munguti pajak dari rakyat/merampok haq rakyat&amp;menipu Rakyat???<br>Rampok.. Rampok.. Penjajah.. Penjajah..,0
2023-12-23T21:26:48Z,@nangkokpardede1154,"Homa ma attong Zia babu..naik Jo tulautan ,,",0
2023-12-23T21:29:49Z,@nangkokpardede1154,"An Zia. Kalau perempuan sama anak nya tak perlu atau TDK diperbolehkan hidup layak utk apa,,,? .biarkan mereka cari cita dan keinginan negara Abang,,yg punya Tanah Abang,,,a. Yg punya dunia Abang..",0
2023-12-23T21:32:32Z,@nangkokpardede1154,"Kita kasih ini,itu,besok lain lagi,,maunya nih pria uang hitam,,,setelah dpt itu.  Lihat istri temannya sebagia bayi staalolir so jurney,,,hy gadis perawanku hati,,hati penyakit gading nih pria senang dirajang,,",0
2023-12-23T20:03:41Z,@the1shop322,Yes mantap hidup masgibran maju terus mas indonesiya maju emas cemerlang amin yarobal alamin,6
2023-12-23T23:52:41Z,@khairinsan4585,Ogah milih dia... <br>Pendaftaran nya aja ada yang dikorbankan.. Bagaimana nanti kalau udah jabatğŸ˜‚ğŸ˜‚ <br>Paman mk korban ketamakan,0
2023-12-24T01:23:12Z,@nuralihidayatullahofficial3404,â€‹@@khairinsan4585takut bilang bosğŸ˜‚ğŸ˜‚ğŸ˜‚ğŸ˜‚ğŸ˜‚ğŸ˜‚ğŸ˜‚ğŸ˜‚ğŸ˜‚ğŸ˜‚ğŸ˜‚ğŸ˜‚ğŸ˜‚ğŸ˜‚ğŸ˜‚ğŸ˜‚ğŸ˜‚ğŸ˜‚ğŸ˜‚ğŸ˜‚ğŸ˜‚ğŸ˜‚ğŸ˜‚ğŸ˜‚ğŸ˜‚ğŸ˜‚ğŸ˜‚ğŸ˜‚ğŸ˜‚ğŸ˜‚ğŸ˜‚ğŸ˜‚ğŸ˜‚ğŸ˜‚ğŸ˜‚ğŸ˜‚ğŸ˜‚ğŸ˜‚ğŸ˜‚ğŸ˜‚,0
2023-12-28T20:18:46Z,@mamasmas4438,â€‹@@khairinsan4585daripada nyolong partai,0
2023-12-23T19:57:28Z,@the1shop322,Yes mantap masgibran hidup masgibran amin yarobal alamin,0
2023-12-23T19:54:51Z,@user-ql2ci3sy6x,Hei buat kalian yang menjagokan Gibran.. Gibran itu hebat nya dimna??  Mikir la klien.. dia ini haus kekuasaan sama kayak Prabowo segala cara dilakukan demi bisa menduduki tampuk kekuasaan.. gak mikir panjang klien.. kalau negara ini kalian serahkan pada orang yang ambisius untuk berkuasa pasti makin hancur.. <br><br>&quot;Jika suatu perkara di serahkan pada yang bukan ahlinya maka tunggulah kehancuran nya&quot;,3
2023-12-23T20:02:05Z,@jeffans.g7266,Lawak lu,0
2023-12-23T20:16:19Z,@adekarunia900,Ambisius &amp; Haus Kekuasaan untuk kepentingan Rakyat Banyak..!!! Apa Salahnya..???,1
2023-12-23T20:34:46Z,@masplecit1167,"Suka ya di pilih, gak suka ya jangan di pilih. ğŸ˜‚",0
2023-12-24T06:13:27Z,@radensonpurba6071,Apapun katanya sesinya.. Kali ini Gibran diatas angin..,0
2023-12-24T07:23:58Z,@DTA.94,"Nicknya aja gajelas ketawan akun buzzer bayaran, sudah saking bingungnya komennya jd kayak gini",0
2023-12-23T19:50:43Z,@the1shop322,Yes mantap masgibran maju terus mas amin yarobal alamin,1
2023-12-23T19:37:41Z,@the1shop322,Masgibran debatnyah mantap mempertumbuhkan ekonomi dan modal usaha menang mas gibran dan bpk prabowo indonesiya maju  dan cemerlang manjadi emas amin yarobal alamin,15
2023-12-23T20:05:04Z,@sayidialhaq1076,"menang  kata pendukungnya,,nyerocos boleh, tetapi NETIZEN menilai  masih kalah sama cak imin, GIBRAN  nyerocos  boleh tetapi tidak sesuai dengan kenyataan, cak imin jawaban dan pertanyaan bukti nyata  apa adanya   eh,, pada ahirnya  si Gibran keok juga nilainya mantap cak,,<br>PELAN TAPI  PASTI,ğŸ‘ğŸ‘ğŸ‘ğŸ‘ğŸ‡®ğŸ‡©ğŸ‡®ğŸ‡©ğŸ’ªğŸ’ªğŸ˜…",2
2023-12-23T23:03:50Z,@shakilla312,â€‹@@sayidialhaq1076betul kak.. Cak imin juga sama.. Mantap.. <br>Kata pendukungnya juga..<br>.. <br>âœŒâœŒâœŒ,1
2023-12-24T01:19:40Z,@nuralihidayatullahofficial3404,â€‹@@sayidialhaq1076 emng boleh se sirik iniğŸ˜‚ğŸ˜‚ğŸ˜‚ğŸ˜‚ğŸ˜‚ğŸ˜‚ğŸ˜‚ğŸ˜‚ğŸ˜‚ğŸ˜‚ğŸ˜‚ğŸ˜‚ğŸ˜‚ğŸ˜‚ğŸ˜‚ğŸ˜‚ğŸ˜‚ğŸ˜‚ğŸ˜‚ğŸ˜‚ğŸ˜‚ğŸ˜‚ğŸ˜‚ğŸ˜‚ğŸ˜‚ğŸ˜‚ğŸ˜‚ğŸ˜‚ğŸ˜‚ğŸ˜‚ğŸ˜‚ğŸ˜‚ğŸ˜‚ğŸ˜‚ğŸ˜‚ğŸ˜‚ğŸ˜‚ğŸ˜‚ğŸ˜‚ğŸ˜‚ğŸ˜‚ğŸ˜‚ğŸ˜‚ğŸ˜‚ğŸ˜‚ğŸ˜‚ğŸ˜‚ğŸ˜‚ğŸ˜‚ğŸ˜‚ğŸ˜‚ğŸ˜‚ğŸ˜‚ğŸ˜‚ğŸ˜‚ğŸ˜‚ğŸ˜‚ğŸ˜‚ğŸ˜‚ğŸ˜‚ğŸ˜‚ğŸ˜‚ğŸ˜‚ğŸ˜‚ğŸ˜‚ğŸ˜‚ğŸ˜‚ğŸ˜‚ğŸ˜‚ğŸ˜‚ğŸ˜‚ğŸ˜‚ğŸ˜‚ğŸ˜‚ğŸ˜‚ğŸ˜‚ğŸ˜‚ğŸ˜‚ğŸ˜‚ğŸ˜‚ğŸ˜‚ğŸ˜‚ğŸ˜‚ğŸ˜‚ğŸ˜‚ğŸ˜‚ğŸ˜‚ğŸ˜‚ğŸ˜‚ğŸ˜‚ğŸ˜‚ğŸ˜‚ğŸ˜‚ğŸ˜‚ğŸ˜‚ğŸ˜‚ğŸ˜‚ğŸ˜‚ğŸ˜‚ğŸ˜‚ğŸ˜‚ğŸ˜‚ğŸ˜‚ğŸ˜‚,0
2023-12-24T07:06:40Z,@DTA.94,"â€‹@@sayidialhaq1076cak Imin ngomong masih belepotan aja gajelas, gimana kinerjanya pasti blepotan juga. <br>INGAT cak imin MENGKHIANATI gusdur bahkan PKB diambil alih alias dikudeta sama cak imin.",2
2023-12-28T20:15:31Z,@mamasmas4438,â€‹@@sayidialhaq1076Cak imin yg penting ngomongâ˜,0
2023-12-23T19:26:45Z,@the1shop322,Hidup masgibran  mantap,1
2023-12-23T19:24:36Z,@the1shop322,Yes mantap masgibran amin,1
2023-12-23T19:22:45Z,@the1shop322,Semoga menang masgibran debatnyah .antap semoga lancar amin yarobal alamin,2
2023-12-24T00:10:38Z,@khairinsan4585,Jangan pilih yang awalnya saja sudah curang... <br>Nanti bahaya! <br><br>Kalau awalnya saja sudah berani berbuat curang bagaimana nanti???,0
2023-12-23T19:20:43Z,@the1shop322,Yes ok mantap tata tertibnyah terimakasih bpk semoga lancar masgibran amin yarobal alamin,0
2023-12-23T23:57:51Z,@khairinsan4585,Amin aja dulu yang curang kita Brantas,0
2023-12-23T19:18:41Z,@the1shop322,Yes mantap,0
2023-12-23T19:15:09Z,@the1shop322,Waalaikum salam wr wb,0
2023-12-23T19:13:39Z,@the1shop322,Amin yarobal alamin,0
2023-12-23T19:12:54Z,@sandrasumartini1263,Gk usah mkn siang gratis untuk ank seklah se ind  KJP/.KIP aja. Yg lanjut rts dan merata seperti jmnnya pak AHOk uang jajan/sembako ada setelah di debet sek  trs di tahap akhir sisanya uang dikeluarin Jadi murid yg tidak mampu bs terbantu jangan kayak skarang pilih2 kasihan murid yg tak mampu  tolong dipikirin yg ini aja,0
2023-12-23T22:13:10Z,@user-iy5ks4xh5w,ğŸ˜‚ğŸ˜‚ğŸ˜‚ğŸ˜‚ nggak jelas,0
2023-12-23T19:00:42Z,@the1shop322,Pilihanku masgibran dan bpk prabowo mantap tegas madgiban maju terus mas gibran untuk indonesiya maju dan cemerlang amin yaroobal alamin pasti menang masgibran dan bpk prabowo amin yarobal alamin,0
2023-12-23T18:50:52Z,@rajaja1932,"GUS MUHAIMIN ISKANDAR,  menjadi ketua partai politik selama 18 tahun sampai sekarang, Bergabung dgn pemerintah selama 4 periode ( 20 tahun ), dn jabatan wakil ketua DPR RI,  dn pernah menjadi Menteri,   pokoknya orang hebat lah,",1
2023-12-23T18:56:33Z,@detikvideo8419,bensin gratis ğŸ˜…ğŸ˜‚ğŸ¤£,0
2023-12-23T19:55:23Z,@elyaskahfi,02 yes,4
2023-12-23T20:41:02Z,@sayidialhaq1076,"Hahahaha,,,dikira debat  cawapres kemaren  si GIBRAN  menang ;,,,Eh ternyata publik /NETIZEN menilai  pada ahinya  keok juga si GIBRAN,  kacian pendukungnya ğŸ˜­ğŸ˜­ğŸ˜­ğŸ‘ˆ",0
2023-12-23T22:09:08Z,@user-iy5ks4xh5w,"5 m 1 THN untuk desa, uwang darimana!!!! Justru akan membuka pintu2 korup",1
2023-12-23T22:13:44Z,@masudjamil6865,@@sayidialhaq1076 nitizen mana bro...,0
2023-12-23T18:34:40Z,@user-cp8dt9me1f,Ada 10 orang macem caimin negara ancur,2
2023-12-23T19:58:34Z,@jawahirtahir3312,MuhajÃ¬min iskandarbagÃ¹s,0
2023-12-24T07:20:05Z,@DTA.94,Ekwk ngakakk,0
2023-12-23T18:21:17Z,@silverrayleigh5356,Om Josh Bush jatoh dari toilet...<br>Itu prof Bushono vi....<br>Hehehe doi ngeledek ue pas tidur dikelas ini si ucok kayaknya abis begadang nonton bola...<br>Aku lah wkwkwkw...<br>Ini tower opung mamaku bele pa doi 25 bgt...<br><br>Iya ini penasihat amerika saut pak rocky...<br>Kenapa bgitu ???,0
